videoId,title,description,tags,publishedAt,channelId,channelTitle,categoryId,duration,viewCount,likeCount,commentCount,duration_minutes,publishedAt_dt,days_since_upload,engagement_rate,title_length,tag_count,was_scraped,was_api
xBMc0wzOJ9s,Bigg Boss Season 9 Day 18 Troll - Today Trending #biggboss9tamil,"For Promotions & Contact : boxstar.in@gmail.com

Instagram https://www.instagram.com/todaytrendingtroll
Twitter https://twitter.com/TodayTrendingTT
Facebook https://www.facebook.com/todaytrendingofficial/

*********************************************************

CONTENT DISCLAIMER
The views and opinions expressed in this video are not meant to hurt any individual. we cannot held liable in such situations

COPYRIGHT DISCLAIMER UNDER SECTION 107 OF THE COPYRIGHT ACT 1976
Copyright Disclaimer Under section 107 of the Copyright act 1976, allowance is made for the ""fair use for purposes such as criticism, comment,news reporting,teaching,scholarship and research. Fair use is a use permitted by Copyright statue that might otherwise be infringing. Non-profit,educational or personal use tips the balance in favor of Fair use.

*********************************************************

¬© 2025 Today Trending
#todaytrending #todaytrendingtroll","['today trending', 'today trending troll', 'today trending troll in tamil', 'today trending videos in tamil', 'today trending memes', 'today trending troll latest', 'today trending vidoes', 'today trending troll vidoes', 'tamil troll', 'todays trending', 'diwakar parvathy fight', 'paru diwakar fight', 'bigg boss parvathy', 'bigg boss diwakar', 'bigg boss', 'bigg boss day 18', 'bigg boss promo', 'diwakar kamrudin fight', 'kamrudin red card', 'bigg boss kamrudin', 'kamrudin']",2025-10-24T11:13:34Z,UCG0m9a2z1ziRm2YlaFuyU7A,Today Trending,24,PT16M59S,74223,2567.0,190.0,16.983333333333334,2025-10-24 11:13:34+00:00,0.18383183431712963,0.03714482033870903,64,21,False,True
2sokLXhqRFQ,Who did it best? ‚ù§Ô∏è #Shorts #Dance #Trending,,[],2025-08-06T19:06:52Z,UCdnJJrDUl-y_ryelLMslxkQ,Brat TV,24,PT15S,8658262,109192.0,2046.0,0.25,2025-08-06 19:06:52+00:00,78.85515127876157,0.012847613065994076,44,0,False,True
f4UAyV2Fwe4,OUCH üò¢üò¢üò¢ #makeup #makeupchallenge #prank #sfxmakeup #trends #makeuptrends #sfxartist,,[],2023-09-03T16:38:25Z,UCtS1l80qTAbLMA0ASFSxjfw,Gee Esler-Box,22,PT23S,11638238,185320.0,4455.0,0.38333333333333336,2023-09-03 16:38:25+00:00,781.9582415565393,0.01630616249641913,84,0,False,True
O07T9_5VIRI,who remembers this trend?üò≥ #trending #viral #tiktok #funny,,[],2023-04-24T17:57:41Z,UC2EWWA0SRV-AaSu1_zGgJuQ,Daryna Popach,24,PT15S,21536013,1075602.0,16026.0,0.25,2023-04-24 17:57:41+00:00,913.903195260243,0.0506884909476977,58,0,False,True
RXsj69PyjQc,Funny Accidental Twinning with Sister #funny #twinmoments #momlife #momtok #sister #mom #trending,"Disclaimer: This content is exclusively managed by Caters News. To license or use in a commercial player, please contact licensing@catersnews.com or call +44 (0)121 616 1100 / +1 646 380 1615.",[],2025-08-09T21:04:48Z,UCULBckoPeCkJNT5J5ay1nTQ,Megan Lawing,22,PT12S,70033139,574206.0,1050.0,0.2,2025-08-09 21:04:48+00:00,75.77325313061343,0.008214054206537851,97,0,False,True
tOA8LDqE7oo,What do y'all think of this trend ü§î #moneytalks #trending #edit,,[],2025-02-09T15:50:38Z,UC_bwpBElTcWlY0pOQzZ6kyg,Daytee Editz Trends,24,PT6S,12217501,209013.0,3684.0,0.1,2025-02-09 15:50:38+00:00,256.9914244269097,0.017409206678190573,63,0,False,True
LJ9X4cUCvH0,Love this dance trend ‚ù§Ô∏èüò±@itsNovasWorld #dance #trends #shorts,"#britainnoelle #britainlee #baylaanoelle #bayalaarose #shortsvideo #shortsfeed #shortsviral #familyfun #sisters #britainandbaylaa #nishaandfam #familychannel 

Nisha and fam | Nishaandfam | Nisha Noelle | Nisha Noelle fam | Britain and Baylaa | Britain Noelle | Baylaa Noelle | Britainlee | Baylaarose | TikTok trend | big family | relatable | funny trend | Sephora kids | Sephora | outfit ideas | outfit INSPO | affordable style | preppy outfits | tween mom | tween style | tweens | coordinating outfits | mom and daughter style | ootd | outfit of the day | shopping vlog | ulta | Britain Baylaa and Boston | Britain and Baylaa singing | Britain and Baylaa Youtube | Britain and Baylaa shorts | Britain and Baylaa Tiktok  | Britain Baylaa and Boston","['nisha and fam', 'nishaandfam', 'britain and bayla', 'britain and baylaa', 'britain and baylaa singing', 'Britain and Baylaa age', 'Britain and Bayla age', 'Britain nishaandfam', 'grwm', 'singing', 'shorts', 'tiktok', 'trends', 'get ready with me', 'nisha and fam tiktok', 'nisha and fam youtube', 'nisha noelle', 'big family', 'sephora kids', 'outfit ideas', 'Britain Baylaa and Boston', 'baylaa noelle', 'britain noelle', 'baylaa rose', 'britain lee', 'tween', 'tweens', 'mila and emma', 'garza crew']",2025-08-06T00:10:20Z,UCEXtDSSMjSWw9g4VxN3Gi8A,Nisha Noelle,22,PT9S,17344969,144381.0,3077.0,0.15,2025-08-06 00:10:20+00:00,79.64441053802082,0.008501485358665097,62,29,False,True
6wI35XxIFS0,Sugar ‡∞â‡∞®‡±ç‡∞® ‡∞µ‡∞æ‡∞≥‡±ç‡∞≤  ‡∞ï‡±ã‡∞∏‡∞Ç üëç #besttech #viral #trending #freestyle #diabetes #sensor #shorts #gadgets,,[],2025-10-24T12:33:32Z,UCVELOLuREJkG81rsg9y9l8A,besttechintelugu,28,PT2M25S,34587,5621.0,63.0,2.4166666666666665,2025-10-24 12:33:32+00:00,0.12829942690972224,0.16433920259056872,97,0,False,True
8_yvQW1pZk0,happy diwali üôà‚ù§Ô∏èüåö SIMPAL KHAREL NEW TRENDING TIKTOK/ REELS VIDEO #simpalkharel  #shorts #trending,,"['simpal kharel', 'simpal kharel videos', 'simpalkharel', 'simple kharel', 'simple', 'simpal', 'simpal kharel makeup', 'simpal kharel shorts', 'simpal kharel viral reels', 'simpal kharel viral videos', 'simpal kharel trending tiktok', 'simpal kharel trending reels', 'simpal kharel channel', 'simpal kharel viral', 'simpal kharel new song', 'simpal kharel reaction video', 'simpal kharel tiktok reaction', 'diwali meme', 'happy diwali', 'diwali 2025', 'diwali reels']",2025-10-15T04:49:20Z,UCewbVCg5R3C9IBVrp-u0VFw,Simpal Kharel,24,PT6S,26167077,314718.0,5776.0,0.1,2025-10-15 04:49:20+00:00,9.450660538020834,0.012247986276801189,97,21,False,True
Ut1TA8M_a2Y,Suspect trend üòÇ #twins #garzacrew #trends,"Follow us on all other socials!

TikTok -  https://www.tiktok.com/@garzacrew?lang=en
Instagram - https://www.instagram.com/garzacrew?igsh=MTNueHhqdjFiY2t3bg==
Facebook - https://www.facebook.com/officialgarzacrew?mibextid=LQQJ4d&rdid=U78CXIa3tI1z9ENk

#twin #tiktok #momtok #twingirls #trend #twinmom #funny #funnytrends 

Garza Crew / garzacrew / Garza crew twins / Garza crew youtube / Garza crew TikTok / Garza crew twins TikTok / Garza crew twin girls / twins / twin girls / twin sisters / Garza crew family / Garza crew age / Garza crew Instagram / Koti and Haven / Haven and Koti / Koti and Haven Garza / Haven and Koti Garza / Haven and Koti YouTube / Koti and Haven YouTube / Koti and Haven TikTok / Haven and Koti TikTok / Koti and Haven GRWM / Haven and Koti GRWM / Garza crew GRWM / Garza crew twins GRWM / Koti and Haven age / Haven and Koti age / Garza crew skincare  / Adrea Garza / Adrea Garza tiktok / Garza crew mom / Garza twins / twin mom / Garza crew controversy / gen alpha / skincare for kids / kids skincare","['Garza Crew', 'garzacrew', 'Garza crew twins', 'Garza crew youtube', 'Garza crew TikTok', 'Garza crew twin girls', 'twins', 'twin girls', 'Koti and Haven Garza', 'Haven and Koti Garza', 'Haven and Koti YouTube', 'Garza crew GRWM', 'Garza crew skincare', 'Adrea Garza', 'Garza crew mom', 'twin mom', 'garza crew', 'Garza crew twins TikTok', 'Garza crew family', 'Garza crew instagram', 'Haven and Koti TikTok', 'Garza crew twins GRWM', 'gen alpha', 'shorts', 'trend', 'Koti and Haven YouTube', 'suspect trend', 'suspect challenge']",2024-11-15T02:18:11Z,UCGeNsYOMXp0WIp0b3qrrryw,Garza Crew,22,PT26S,11179484,126319.0,2223.0,0.43333333333333335,2024-11-15 02:18:11+00:00,343.5556258157986,0.011498026205860663,41,28,False,True
ko70cExuzZM,Taylor Swift - The Fate of Ophelia (Official Music Video),"The official music video for ‚ÄúThe Fate of Ophelia‚Äù

Stream/download ‚ÄòThe Life of a Showgirl‚Äô: https://taylor.lnk.to/TSTheLifeofaShowgirl

‚ñ∫Subscribe to Taylor Swift on YouTube: https://ts.lnk.to/subscribe
‚ñ∫Shop Merch: http://taylor.lnk.to/store 
‚ñ∫Follow Taylor Swift Online: 
TikTok: http://tiktok.com/@taylorswift 
Instagram: http://instagram.com/taylorswift 
Twitter: http://twitter.com/taylorswift13 
Snapchat: http://snapchat.com/add/taylorswift 
Facebook: http://facebook.com/taylorswift 
Tumblr: http://taylorswift.tumblr.com 
Website: http://www.taylorswift.com 

‚ñ∫Follow Taylor Nation Online 
TikTok: http://tiktok.com/@taylornation
 Instagram: http://instagram.com/taylornation 
YouTube: https://youtube.com/taylornation 
Twitter: http://twitter.com/taylornation13
 Tumblr: http://taylornation.tumblr.com

#TaylorSwift #TheLifeofaShowgirl #TheFateofOphelia","['Taylor swift', 'taylor', 'swift', 'taylor swift TLOAS', 'TS12', 'Showgirl', 'The Life of a Showgirl', 'new taylor swift', 'taylor swift album']",2025-10-05T23:00:06Z,UCqECaJ8Gagnn7YCbPEzWH6g,Taylor Swift,10,PT3M59S,80020102,1577163.0,72472.0,3.9833333333333334,2025-10-05 23:00:06+00:00,18.693183686168982,0.020615257401196515,57,9,False,True
xiZUf98A1Ts,Tyla - CHANEL (Official Music Video),"Tyla - CHANEL (Official Music Video)

""CHANEL"" available at: https://tyla.lnk.to/CHANEL

Follow Tyla:
https://instagram.com/tyla
https://www.tiktok.com/@tyla_
https://twitter.com/Tyllaaaaaaa

(C) 2025 FAX Records, under exclusive license to Epic Records, a division of Sony Music Entertainment

#Tyla #CHANEL","['tyla', 'new artist', 'getting late', 'tyla to last', 'to last tyla', 'to last', 'last', 'kooldrink', 'epic', 'epic records', 'new music', 'fax records', 'electronic', 'electronic music', 'dance music', 'dj lag', 'overdue', 'tyla been thinking', 'been thinking tyla', 'been thinking', 'ayra starr', 'ayra starr tyla', 'tyla ayra starr girl next door', 'girl next door', 'tyla girl next door', 'ayra starr girl next door', 'girl next door tyla ayra starr', 'water', 'tyla water', 'water tyla', 'tyla bliss', 'CHANEL']",2025-10-24T04:00:06Z,UCr2xjaS7CIx1OY7hYwrXb8A,TylaVEVO,10,PT3M10S,301111,45402.0,4172.0,3.1666666666666665,2025-10-24 04:00:06+00:00,0.4848503528356481,0.16463696112064985,36,32,False,True
6wmDlk-7aMk,YLL LIMANI - LARG (Official Music Video),"YLL LIMANI - LARG (Official Music Video)

Subscribe to my YouTube channel here: https://lnk.to/subscribeYllLimani
Turn on the üîî to be notified for all the new songs.

Produced by: Panda & Masy Beats
Lyrics: Tonic, Denk,¬†Yll¬†Limani

Executive Producer: Bonart Ajvazi

Directed and Produced by NONAME DEPARTMENT
Creative Director / Producer: Marie Beriestain
Director of Photography:¬†Matt¬†Turzynski

‚ñ∫ Follow Yll Limani
Spotify: https://open.spotify.com/artist/2qI59HaiEtvev8vnUkmRpT?si=Kx99Bn12Ryi4JHpcYhLZLw
Instagram: https://www.instagram.com/ylllimani
TikTok: https://www.tiktok.com/@ylllimanii
Facebook: https://www.facebook.com/YllLimaniOfficial

Distributed by : 360 Media
____________________________

‚ñ∫ Connect with 360 Media
Instagram: https://www.instagram.com/360distribution
TikTok: https://www.tiktok.com/@360_media
Facebook: https://www.facebook.com/360distribution/

____________________________

‚ñ∫ Connect with Three60 Music
Instagram: https://www.instagram.com/three60_music
TikTok: https://www.tiktok.com/@three60.music

____________________________

üéß Listen to ""ALBANIAN TODAY HITS"" playlist on Spotify
‚ñ∫ https://open.spotify.com/playlist/2byqirHnOlSnN6BFADwqJ8?si=e2fdb3bc585d4c11

‚Ñó Three60 Music on behalf of Yll Limani

#ylllimani #Larg #three60music #360media","['Yll Limani', 'Ylli', 'Ylli Limani', 'ylli limani', 'ylli', 'yll', 'prishtina', 'kosova', 'albania', 'kaje']",2025-07-31T16:00:07Z,UCwxa1gR8DEkcOVKXbN5cDkg,Yll Limani,10,PT3M3S,17584326,37210.0,556.0,3.05,2025-07-31 16:00:07+00:00,84.98483877876157,0.002147708135074384,40,10,False,True
sr_qh33LsKQ,Marino - Lust (feat. Alexandria),"Marino, Alexandria - Lust (Official Lyric Video)
https://broke.ffm.to/marino-lust

Marino
https://www.instagram.com/iluvmarino/
https://www.tiktok.com/@marinosmusic

Alexandria
https://www.tiktok.com/@alexandria.music
https://www.instagram.com/alexandria.musicx

#marino #devilindisguise #lust #newmusic","['marino', 'marino music', 'devil in disguise', 'devil in disguise lyrics', 'you think the devil has horns', 'i cant fit in', 'hideaway', 'the devil wears a suit and die', 'devil in disguise marino', 'marino devil in disuise', 'marino music video', 'marino lyric video', 'marino letras', 'marino devil', 'devil amv', 'marino lust', 'lust']",2025-10-14T04:00:07Z,UC0oePiysAHFbK9YIVeJoELg,Marino,10,PT1M56S,7138760,112535.0,8834.0,1.9333333333333333,2025-10-14 04:00:07+00:00,10.484838778761574,0.017001412009928895,32,17,False,True
45iTK7VnC4E,Relax Gently with Smooth Autumn Jazz Music üçÇ Cozy Coffee Shop Ambience & Warm Piano Jazz Music,"Relax Gently with Smooth Autumn Jazz Music üçÇ Cozy Coffee Shop Ambience & Warm Piano Jazz Music

üëâÔ∏èüéº Let's experience the great music on Spotify of Relax Jazz Cafe: https://open.spotify.com/playlist/5GQXA8Yahc1ZHpBGxXATG0

üåª Good morning friends, how is your day going?
üì∫ Are you looking for relaxation, positivity and energy for the new day? This will be the perfect place for you!

üìå As the golden leaves gently fall outside, the cozy lakeside cabin glows with the warmth of autumn. The soft flicker of candlelight and the gentle crackle of the fireplace fill the room with peace and comfort. The smell of fresh coffee and pastries drifts through the air, while the soothing sound of jazz piano creates the perfect background for a quiet morning. The calm lake outside mirrors the rich colors of fall ‚Äî amber, orange, and red blending together like a painted dream. A dog naps peacefully on the rug, the room bathed in soft sunlight filtering through the windows. Every small detail ‚Äî the books, the blankets, the coffee cups ‚Äî adds to the feeling of home and serenity.

üçÇ This is a place where time slows down and the soul can breathe. Let the gentle rhythm of jazz piano warm your heart, just like the fire that glows in the corner. A perfect autumn day ‚Äî filled with comfort, melody, and a touch of nostalgia.

üíå Hope you all will contribute ideas to help my channel grow more and more. That's also my motivation to make the next videos better
üíï Here are some specific ways that this music can be used:

   ‚Ä¢   Studying: The soft piano melodies will help you focus and concentrate on your work.
   ‚Ä¢   Working: The smooth jazz sounds will help you stay motivated and productive.
   ‚Ä¢   Sleeping: The soft piano melodies will help you relax and fall asleep.

‚ù§ Thanks for listening, and we hope you will enjoy this video!
Don't forget to subscribe and share our channel with your friends and loved ones.
üîî Please Subcribe and help us reach 100,000 subcribers!
   / @relaxjazzcafe1990  

üéº | Listen on Spotify, Apple music:
¬ª Spotify | https://open.spotify.com/artist/0hrtSalYHaRqJklQ9ofDc2
¬ª iTunes I https://music.apple.com/us/artist/donald-jang/1818991508
¬ª Deezer I https://www.deezer.com/en/artist/328988551
‚ñ¨‚ñ¨‚ñ¨‚ñ¨‚ñ¨‚ñ¨‚ñ¨‚ñ¨‚ñ¨‚ñ¨‚ñ¨‚ñ¨‚ñ¨‚ñ¨‚ñ¨‚ñ¨‚ñ¨‚ñ¨‚ñ¨‚ñ¨‚ñ¨‚ñ¨‚ñ¨‚ñ¨
‚úî All music and video were created by Relax Jazz Cafe or used with permission.

¬© Original Contents by Relax Jazz Cafe

#smoothjazz #autumnjazz #coffeeshopmusic","['jazz', 'jazz music', 'smooth jazz', 'autumn jazz', 'fall jazz', 'warm jazz', 'piano jazz', 'jazz piano', 'cozy jazz', 'relax gently with jazz', 'coffee shop music', 'coffee shop ambience', 'coffee shop jazz', 'jazz coffee shop music', 'cozy coffee shop', 'cozy coffee shop ambience', 'autumn coffee shop', 'smooth jazz music', 'autumn jazz music', 'fall jazz music', 'warm jazz music', 'piano jazz music', 'cozy jazz music', 'smooth autumn jazz', 'warm autumn jazz', 'autumn ambience', 'fall ambience', 'relax jazz cafe']",2025-10-24T02:50:57Z,UCZR3-lM6Z-n5_UGHlwx_Rpw,Relax Jazz Cafe,22,PT11H55M,15025,6101.0,4.0,715.0,2025-10-24 02:50:57+00:00,0.5328711861689814,0.40632279534109816,94,28,False,True
VSXT4a2kRHA,Teddy Swims - The Door (Official Music Video),"Stream / Download ""I've Tried Everything but Therapy Pt. 1 now: https://TeddySwims.lnk.to/ITEBTpt1

Order I‚Äôve Tried Everything But Therapy: Part 1, Part 2, and the Complete Edition: shop.teddyswims.com

Follow Teddy Swims:
https://www.instagram.com/teddyswims
https://facebook.com/teddyswims404
https://twitter.com/teddyswims
https://soundcloud.com/teddyswims
https://www.tiktok.com/@teddyswims

CREDITS
Director: Blythe Thomas
Executive Producer: Evan Brown
Production Company: dreambear
Producer: Nicolette Moreno
Line Producer: Autumn Maschi
Production Manager: Kai Lusk
1st AD: Lane Stroud
DP: Ava Rikki
1st AC: Philip Hoang
2nd AC: Naomi Portillo
Steadicam: Emaad Elhardouzi
Gaffer: Kay Zhou
Production Designer: Andrew Caso
Art Coordinator: Devin Leary
Set Dresser: Maelina Hassel
VFX Supervisor: Ben Kadie
Stylist: Tara Nichols
Stylist Assistant: Jenny Martin
Groomer: Morgan Grimes
Video Commissioner: Devin Sarno
Director's Rep: Jen Herrera Richter / Las Bandas Be Brave

Featuring: Noona Chowe
 
Lyrics:
I took a page out of your favorite book
You sold me lies just by the way you look
Taught me a language that I‚Äôll never speak
Baby, that ain't for me
That, that ain't for me

I dug my grave watching the way you move
You took me higher than I ever flew
Too many times gave you a second chance
Baby I‚Äôm just a man,
I‚Äôm I‚Äôm just a man

No more thinking about you late night
No more running around with your friends now
Done picking the pieces of my soul up off the floor

I said I would die for you baby
But I can‚Äôt take this pain no mo
I thought I was willing
But tonight I saved my life when I showed you the door

I don‚Äôt want to lose you baby
But I can‚Äôt play this game no mo
I thought it would kill me
But tonight I saved my life when I showed you the door

You never thought this day would ever come
When I looked you in the eyes and pulled the rug
You tried to take away my sanity
Baby, that ain't for me
That, that ain't for me

Oh no more thinking about you late night
No more running around with your friends now
Done picking the pieces of my soul from off the floor

I said I would die for you baby
But I can‚Äôt take this pain no mo
I thought I was willing
but tonight I saved my life when I showed you the door

I don‚Äôt want to lose you baby
But I can‚Äôt play this game no mo
I thought it would kill me
But tonight I saved my life when I showed you the door

When I showed you the door
When I showed you the door
But tonight I saved my life

I said I would die for you baby
But I can‚Äôt take this pain no mo
I thought I was willing
But tonight I saved my life when I showed you the door

I don‚Äôt want to lose you baby
But I can‚Äôt take this game no mo
I thought it would kill me
But tonight I saved my life when I showed you the door


#performance #teddyswims #soulmusic #thedoor","['teddy swims', 'lose control', 'lose control live performance', 'teddy swims lose control', 'teddy swims lose control live performance', 'teddy swims lyrics', 'lose control lyrics', 'teddy swims lose control lyrics', 'teddy', 'swims', 'lose', 'control', 'teddy swims lyric video', 'teddy swims lyrics video', ""some things i'll never know"", 'some things live', 'teddy swims live video', 'liver performance', 'soul music', 'post malone', ""some things i'll never""]",2024-04-16T17:00:16Z,UCb-ikMqe9iS8GjG7WgGwCrQ,Teddy Swims,10,PT3M32S,231110830,1044978.0,19559.0,3.533333333333333,2024-04-16 17:00:16+00:00,555.9430679454283,0.004606175314242089,45,21,False,True
JdWi2IWC0s0,Adela Anghelici - Soda pop,"#gurineltv #gurineltvshorts #sodapop #sodapopshort #shorts2025 #shortsfeed #shortsviral #youtube #youtubeshorts #trend #shortvideo #trendingshorts #trendingnow #short #shorts 

Gurinel TV - Prima televiziune a copiilor din Moldova
Like us on facebook ! - https://www.facebook.com/gurineltv
Follow us on Instagram https://www.instagram.com/gurinel_tv/

You can help us on our PayPal account https://paypal.me/gurinelmedia","['gurinel', 'music', 'copii', 'video', 'kids', 'cantece pentru copii', 'canal educativ pentru copii', 'children songs', 'ÂÑøÁ´•Ê≠åÊõ≤', 'canciones para ni√±os', 'Lieder f√ºr Kinder']",2025-10-10T16:00:38Z,UCEcjZ5Vz6ygmDbtmce6N_zA,GurinelTV,10,PT31S,90344931,819952.0,0.0,0.5166666666666667,2025-10-10 16:00:38+00:00,13.984479982465277,0.009075794191485962,26,11,False,True
Qhs3rY80HNE,Selena Gomez - In The Dark (Official Music Video),"Selena Gomez - In The Dark (Official Music Video) from the Nobody Wants This Season 2 Soundtrack 

Listen to ‚ÄúIn The Dark‚Äù: https://selenagomez.lnk.to/inthedark 
Listen to the ‚ÄúNobody Wants This‚Äù Season 2 Soundtrack, out now: https://nobodywantsthis.lnk.to/officialsoundtrack

Shop new merch: https://selenagomez.lnk.to/store 
Join Selena‚Äôs mailing list: https://selenagomez.lnk.to/SignUp 

Follow Selena Gomez: 
Instagram: https://selenagomez.lnk.to/Instagram   
Twitter: https://selenagomez.lnk.to/Twitter 
Facebook: https://selenagomez.lnk.to/Facebook  
TikTok: https://selenagomez.lnk.to/TikTok  
YouTube: https://selenagomez.lnk.to/YouTube  

Directed by: Luke Orlando 

Lyrics: 
I don‚Äôt need anyone
That‚Äôs what you say when you‚Äôre drunk
Cover it up in a sea of emotion of waves
but I, I can still see you 
If there was no consequence
Would you still be on defense
Don‚Äôt you forget it
I know you better than you know you
Your lows are mine too
 
And I‚Äôll be there when you lose yourself
To remind you of who you are
And I‚Äôll be there like nobody else
You‚Äôre so beautiful in the dark
 
Giving you love
Keep giving you love
Never giving you up (Oh)
Keep giving you love
Keep giving you love
But don‚Äôt look away from me
I‚Äôll be there when you lose yourself
To remind you of who you are
 
Breathe with your finger tips
Fill up my lungs with your kiss
I‚Äôd be a liar
If I said that you weight didn‚Äôt weigh on me
But I‚Äôm treading lightly
 
Wake up your world
come melt away with me
Out of your waves
You know I‚Äôll set you free
 
And I‚Äôll wait up love
When you can‚Äôt sleep love
Cause all my life‚Äôs lying where you are
 
And I‚Äôll be there when you lose yourself
to remind you of who you are
and I‚Äôll be there like nobody else
you‚Äôre so beautiful in the dark
 
Giving you love
Keep giving you love
Never giving you up (Oh)
Keep giving you love
Keep giving you love
But don‚Äôt look away from me
And I‚Äôll be there when you lose yourself
to remind you of who you are 
 
Show me the side that you‚Äôre hiding from
Let me inside baby I won‚Äôt run
Nothing about you I can‚Äôt take
Show me the way that your heart breaks
 
Show me the side that you‚Äôre hiding from
Let me inside baby I won‚Äôt run
Show me the way your heart breaks
 
(oh yes love)
 
And I‚Äôll be there when you lose yourself
to remind you of who you are
and I‚Äôll be there like nobody else
you‚Äôre so beautiful in the dark
 
Giving you love
Keep giving you love
Never giving you up (Oh)
Keep giving you love
Keep giving you love
But don‚Äôt look away from me
 
I‚Äôll be there when you lose yourself
to remind you of who you are 

#SelenaGomez #InTheDark","['Selena Gomez', 'SMG Music LLC', 'under exclusive license to Interscope Records.', 'Pop']",2025-10-23T04:00:35Z,UCjK8ORC71kwyj1DWFwril_A,SelenaGomezVEVO,10,PT3M4S,1518780,171614.0,14204.0,3.066666666666667,2025-10-23 04:00:35+00:00,1.4845147046875,0.12234688368295606,49,4,False,True
049ndvnLKl4,YFN Lucci - RAIN. [Official Music Video],"YFN Lucci - RAIN.

MY ALBUM 'ALREADY LEGEND' OUT NOW! 
Download/Stream: https://YFNLucci.lnk.to/ALREADYLEGEND

Director:  Hidji
Producer: Jeffery ‚ÄúJ-Squared‚Äù Jackson
DP: Benji Flores
AC: Colin Schostak
Gaffer: Moonlight Grip
Editor: Rayymond

Subscribe on YouTube - http://bit.ly/YFNLucciYouTube

Follow YFN Lucci:
Instagram - https://www.instagram.com/yfnlucci/
Twitter - https://twitter.com/YFNLUCCI
Facebook - https://www.facebook.com/YFNLucci/

Listen:
Spotify - https://open.spotify.com/artist/5Berubt6ysOy2LCMyqhmXP
Apple - https://itunes.apple.com/us/artist/yfn-lucci/957498371
Soundcloud - https://itunes.apple.com/us/artist/yfn-lucci/957498371

Website - http://yfnlucci.com

#YFNLucci #RAIN #ALREADYLEGEND","['YFN Lucci', 'YFN', ""Think It's A Game"", 'TIG Records', 'Think Its A Game', 'Boss Life', 'Everyday We Lit', 'Heartless', 'Wish Me Well', 'lucci', 'wet', 'both of us', 'mulatto', 'yfnlucci', 'yfn lucci 2025']",2025-10-23T22:50:07Z,UCGhqRGnTE34MXy9LMI9Q4bQ,YFN Lucci,10,PT3M4S,304295,7733.0,341.0,3.066666666666667,2025-10-23 22:50:07+00:00,0.7001165565393518,0.026533462593864507,40,15,False,True
9N0WF_tc9vo,"Relaxing Jazz Instrumental Music üçÇ Fall Coffee Shop Ambience & Warm Jazz Music for Studying, Working","Relaxing Jazz Instrumental Music üçÇ Fall Coffee Shop Ambience & Warm Jazz Music for Studying, Working

üëâÔ∏èüéº Let's experience the great music on Spotify of Relax Jazz Cafe: https://open.spotify.com/playlist/5GQXA8Yahc1ZHpBGxXATG0

üåª Good morning friends, how is your day going?
üì∫ Are you looking for relaxation, positivity and energy for the new day? This will be the perfect place for you!

üìå As the gentle hues of autumn paint the landscape, a cozy lakeside coffee shop comes alive with warmth and charm. Golden leaves dance in the soft breeze, and the calm water reflects the fiery beauty of the trees. The air is filled with the comforting aroma of freshly brewed coffee, while soft jazz piano notes drift lazily through the golden morning light. Inside the cafe, the glow of candlelight and the crackle of the wood stove create an atmosphere of pure relaxation. Cups of steaming coffee sit beside open books and handwritten letters, inviting quiet reflection and peace. Outside, the wooden terrace overlooks the lake, offering the perfect view for a slow morning or a peaceful evening wrapped in music.

üçÇ This is autumn at its most beautiful ‚Äî serene, nostalgic, and full of warmth. Let the smooth rhythm of jazz piano transport you to this tranquil lakeside escape, where time slows down and the heart feels at ease.

üíå Hope you all will contribute ideas to help my channel grow more and more. That's also my motivation to make the next videos better
üíï Here are some specific ways that this music can be used:

   ‚Ä¢   Studying: The soft piano melodies will help you focus and concentrate on your work.
   ‚Ä¢   Working: The smooth jazz sounds will help you stay motivated and productive.
   ‚Ä¢   Sleeping: The soft piano melodies will help you relax and fall asleep.

‚ù§ Thanks for listening, and we hope you will enjoy this video!
Don't forget to subscribe and share our channel with your friends and loved ones.
üîî Please Subcribe and help us reach 100,000 subcribers!
   / @relaxjazzcafe1990  

üéº | Listen on Spotify, Apple music:
¬ª Spotify | https://open.spotify.com/artist/0hrtSalYHaRqJklQ9ofDc2
¬ª iTunes I https://music.apple.com/us/artist/donald-jang/1818991508
¬ª Deezer I https://www.deezer.com/en/artist/328988551
‚ñ¨‚ñ¨‚ñ¨‚ñ¨‚ñ¨‚ñ¨‚ñ¨‚ñ¨‚ñ¨‚ñ¨‚ñ¨‚ñ¨‚ñ¨‚ñ¨‚ñ¨‚ñ¨‚ñ¨‚ñ¨‚ñ¨‚ñ¨‚ñ¨‚ñ¨‚ñ¨‚ñ¨
‚úî All music and video were created by Relax Jazz Cafe or used with permission.

¬© Original Contents by Relax Jazz Cafe

#relaxingjazz #falljazz #coffeeshopmusic","['jazz', 'jazz music', 'relaxing jazz', 'jazz instrumental', 'fall jazz', 'autumn jazz', 'warm jazz', 'jazz for studying', 'jazz for work', 'coffee shop music', 'coffee shop ambience', 'coffee shop jazz', 'jazz coffee shop music', 'cozy coffee shop', 'cozy coffee shop ambience', 'fall coffee shop', 'relaxing jazz music', 'jazz relaxing music', 'jazz instrumental music', 'fall jazz music', 'autumn jazz music', 'warm jazz music', 'relaxing fall jazz', 'warm fall jazz', 'fall ambience', 'autumn ambience', 'relax jazz cafe']",2025-10-24T10:21:40Z,UCZR3-lM6Z-n5_UGHlwx_Rpw,Relax Jazz Cafe,22,P0D,3152,6169.0,0.0,0.0,2025-10-24 10:21:40+00:00,0.2198735009837963,1.9571700507614214,100,27,False,True
HnKmhu6ix5s,CRAZIEST JOBS in 99 NIGHTS Gaming w/ The Norris Nuts,"Today the Norris Nuts try the CRAZIEST JOBS challenge in 99 Nights in the Forest! Biggy is the decorator, Sockie is the chef, Naz is the fisherman, and Sabre is the medic... what could possibly go wrong? üòÇ

Watch until the end to see if we survive all 99 nights with these chaotic jobs and who finds a secret pet! Thanks for watching, LEGENDS!
Who do you think will win this challenge? Watch the full video to see all the funny moments, epic fails, and pro gamer moves!

WATCH OUR FIRST JOBS in 99 Nights https://youtu.be/4DxeMoUFOzM

Thanks for watching, LEGENDS!
If you're new, SUBSCRIBE and click the bell so you never miss a video!
Hit that LIKE button if you want more gaming videos!

‚ñº Follow our other channels ‚ñº
‚ñ∂ The Norris Nuts: https://www.youtube.com/@norrisnuts
‚ñ∂ Norris Nuts Do Stuff: https://www.youtube.com/@NorrisNutsDoStuff
‚ñ∂ Norris Nuts Clips: https://www.youtube.com/@NorrisNutsClips

‚ñº Follow us on social media ‚ñº
‚ñ∂ Instagram: https://www.instagram.com/norrisnuts/
‚ñ∂ TikTok: https://www.tiktok.com/@norrisnuts

‚ñº Shop our LEGENDS Merch ‚ñº
https://norrisnuts.shop/
#NorrisNuts #NorrisNutsGaming #Gaming","['Norris Nuts Gaming', 'The Norris Nuts', '99 Nights in the Forest', 'Gaming', 'Family Gaming', 'Family Friendly', 'Funny Gaming', 'Norris Nuts', 'Gaming Challenge', 'Funny Moments', '99 Nights', 'Jobs Challenge', 'Craziest Jobs', 'Sabre Norris', 'Sockie Norris', 'Biggy Norris', 'Naz Norris', 'family game', 'kids gaming', 'secret pet', 'surviving 99 nights', 'Norris Nuts 99 Nights']",2025-10-24T04:09:50Z,UCWcly5Teks2uSNsF5hRFNNg,Norris Nuts Gaming,20,PT18M51S,21646,709.0,147.0,18.85,2025-10-24 04:09:50+00:00,0.47809109357638885,0.03954541254735286,52,22,False,True
7zIaB6jQADM,I HaTe GaMiNg!!.. So i ate My Setup üò°üéÆ (Gaming ASMR),,[],2025-05-02T13:00:42Z,UCtM58H2QaTXTi7OIRAVgAGg,Spizee,24,PT55S,47402486,441919.0,7235.0,0.9166666666666666,2025-05-02 13:00:42+00:00,175.10943368616898,0.009475325829957526,52,0,False,True
XZBh3itO7NM,Online Game Gone Wrong üéÆ #gaming  #fail,,[],2025-10-16T14:30:33Z,UCwlHFjwRiBLx9SYShI7Zfng,Nash Knows,24,PT1M3S,34502995,1185082.0,4415.0,1.05,2025-10-16 14:30:33+00:00,8.047037852835649,0.03447518106761457,39,0,False,True
3A3wvTr5h4Y,Gaming Ôºû Sleep,,"['animated shorts', 'animation', 'bogg', 'boggo', 'boggs', 'cartoon', 'comedy', 'funny', 'land of boggs', 'landofboggs', 'shorts', 'the land of boggs', 'thelandofboggs', 'boe', 'gaming', 'game', 'dark souls', 'elden ring', 'animated', '2d', 'short', 'youtube', 'sleep', 'tired']",2025-05-16T13:00:06Z,UCz5osAvTYFKjb6Kjcep6vXA,The Land Of Boggs,24,PT19S,35893523,865418.0,3477.0,0.31666666666666665,2025-05-16 13:00:06+00:00,161.10985035283565,0.024207570819949883,14,24,False,True
ZggspAgMsyE,New Blue Mercedes G63 For Parking - 3d Driving Class android game || Car Game #gameplay #cargame,"New Blue Mercedes G63 For Parking - 3d Driving Class android game || Car Game #gameplay #cargame

3d Driving Class android game play video || Car Game #gameplay #cargame

Top Hashtag
#game #gameplay #androidgame #gameplayvideo #gaming #offlinegames #3ddrivingclass
Top Queries

car game
car game car game
carx street
car racer
car parking multiplayer
drift hunters
kar wala game
truck games
extreme car driving simulator
racing game
car simulator 2
gran turismo 5
car racing games
hot wheels unleashed
city car driving

Thanks For Watching",[],2025-03-10T11:30:31Z,UC0YTMGob4FyuS88VQkSFnWA,AbHi GaMiNg,22,PT14M41S,5462646,0.0,196.0,14.683333333333334,2025-03-10 11:30:31+00:00,228.1720610009838,3.5880047874235306e-05,96,0,False,True
Va3YVbnGy-I,GRIND STARTS FROM TODAY! | LIVE FROM GODLIKE BOOTCAMP | BGMI | SPOWER GAMING,,[],2025-10-23T16:33:34Z,UCHz48UgsMnPWIr_eug9w7qQ,SPower Gaming,20,P0D,124191,33581.0,0.0,0.0,2025-10-23 16:33:34+00:00,0.9616096120949075,0.27039801595928853,76,0,False,True
hZWNRBEdVpQ,Gaming As A Kid VS Now #Shorts,Gaming As A Kid VS Now #Shorts,[],2024-09-26T15:00:47Z,UCuwJoiGWRxPYStBp0l0WuZw,Luke Davidson,24,PT54S,25268262,922962.0,5987.0,0.9,2024-09-26 15:00:47+00:00,393.0260424824653,0.03676347031703249,30,0,False,True
moiLHKi2Hi0,WEIRD MOBILE AD GAMES..,"today i play the weirdest mobile ad game EVER...
üê± GLITCH MERCH: https://glitchplays.com/
üòÉ Subscribe: https://bit.ly/GlitchPlaysRoblox

GAME: Help Me: Tricky Story

üè∑Ô∏è Tags: ""Glitch Roblox"" Glitch Roblox pg clean
#Roblox #Cartoon #Glitch","['roblox', 'roblox glitch', 'glitch plays roblox', 'glitch videos', 'glitch yt', 'pranking teacher', 'glitch', 'glitch roblox', 'family friendly', 'no swearing', 'glitch plays', 'kid friendly', 'pranking my teacher until she quits', 'pranking my teacher in roblox', 'pranking my teacher until she quits in roblox', 'glitch plays i am cat', 'glich i am cat', 'glitch plays vr', 'gaming', 'cartoon', 'glitch plays grow a garden', 'grow a garden', 'glitch vr', 'roblox admin', 'npcs are becoming smart', 'roblox npcs are becoming smart']",2025-10-04T15:41:08Z,UCicx_4RfqfiM07AXLv09Hww,Glitch,20,PT47M49S,1569364,15431.0,2243.0,47.81666666666667,2025-10-04 15:41:08+00:00,19.998021649131946,0.011261886980968087,23,26,False,True
EZo6Kr4mqjI,I built a clich√© gaming PC with the Lian Li Vision Compact,"Prawn here with a look at my main gaming machine. For the last few months I've been having various issues with my main gaming and editing PC. It's been crashing and bluescreening a lot. First I had problems with Nvidia's driver debacle. Then I had problems with RAM stability - two different kits having one defective stick leading to other issues. And I had problems with Gen 5 NVMe storage overheating and being a problem too. So I thought I'd use it as an excuse to craft a brand new PC. Swapping to AMD with various parts harvested from other machines I'd built, new bits purchased and more. I wanted to show what I'd done and why, so here's the video. 

Related videos:
Lian Li O11 Vision Compact In Depth Review with multiple build layouts https://youtu.be/drDwetoMVXo
Some things you need to know about the Samsung 9100 Pro https://youtu.be/9E5I2mBUfgU
Don't make these mistakes with your NVMe SSD installation - NVMe tips and tricks https://youtu.be/zjSn64vh_Vk
This 5090 did not melt and other interesting discoveries (Asus ROG Astral RTX 5090) https://youtu.be/3dlq_Lqe8Fk
I am so annoyed about these Nvidia driver issues https://youtu.be/gbFj-payXkU

Disclosure: Shopping links within the description of this video generate a commission at no extra cost to you. These are added for your convenience but other retailers are available. As an Amazon Associate I earn from qualifying purchases.

Please note that products featured may also have been sent for free for review/testing purposes. Often these have to be returned by me, but not always. I endeavour to avoid bias in my videos wherever possible and try to give honest, subjective opinions. Unless otherwise stated, the videos are not sponsored financially.


Please note links listed here include affiliate links which may earn me a commission. 
Lian Li O11 Vision Compact:
Amazon US - https://amzn.to/3zW71wQ 
NewEgg - https://newegg.io/nc38359fb9
Amazon UK - https://amzn.to/3Y4ifHt
Amazon FR - https://amzn.to/400bObi
Amazon IT - https://amzn.to/4eQT4z8
Amazon DE - https://amzn.to/3YlQMSY
Amazon CA - https://amzn.to/3ZUJirw
Amazon AU  - https://amzn.to/3YkthtE
Overclockers UK - https://tidd.ly/401POwO
CaseKing DE - https://tidd.ly/4h5xpoT

Specs of the build  (note this includes affiliate links which might earn me a commission at no extra cost to you):
Case - Lian Li O11 Vision Compact https://amzn.to/3zW71wQ
Motherboard - GIGABYTE X870 AORUS STEALTH ICE https://amzn.to/3WSVQg4
CPU - AMD Ryzen 9 9950x3D https://amzn.to/3IbbrnT
AIO - NZXT Kraken Elite 360 V2 2024 https://amzn.to/3OrDwGL
RAM - Corsair Dominator Titanium First Edition DDR5 RAM https://go.corsair.com/baya19
RAM Lighting Enhancement Kit - https://go.corsair.com/xLkzAd
NVMe (x3) - Crucial P310 https://amzn.to/42sZtNs
SSD - Crucial BX500 https://www.youtube.com/watch?v=IOJNybKZ4wk
GPU - XFX Mercury AMD Radeon RX 9070XT OC White Magnetic Air https://amzn.to/3Yu0CSu
Fans - 5 x  Lian Li SL-INF Wireless fans https://amzn.to/3LmH1zV
6 x Lian Li SL-INF Wireless reverse blade fans https://amzn.to/4o84js6
RGB cable - Triple 8 pin Lian Li wireless strimer https://youtu.be/wXPNmgJQCXM
PSU - Lian Li Edge Platinum 1000watt https://amzn.to/48AncyS
Screen - Lian Li Universal screen https://amzn.to/42PrChD
 


üòçSpecial Thanksüòç to my YouTube members:
SpaceCannons, mike s, Starastin, Spandau Guy, D Shaddix, Scott Chappelle, aDam (aDamatGeek), Leland Crawford, Steve Oswald, Frank ‚ÄúCano‚Äù Costilla, ispawnalot, Cris Mac, BY TOR THE SNOW DOG, Alexander Roe, Quinn Dunn, Rawrr483, Mister_JJ, Alexander Heim, Jay Shank 007, Ritsaert Verstegen, James Kahn, Tomi Kaila, Alex Gifford, Alan Spence, Logan_, N J, GamingAllDay, MeatyKeyboard 83, Ekrem Se√ßilen, Christian, HI, Joshua Pihlak, oliver castillo, UBrickIFix, Kraken Tortoise, Gaming Nomad, Megan Schafer, Hugh-David, Wayne Chandler, Wire Hedd, Malcolm Archer, Bob C, Jeffrey crutchfield, NOTuNOTme, Tom Corrao, Brian Pickel, DaniAkiZoli, Nexon, Shempasta, Rodney Mcqueen, Fred Wehbe, Sencer Oner, Andy Beach, Paul Sheard, Giuseppe, shaak, Dave Murzi, Flan Roberts, Matt Behymer, PBear, John Turley, Random Chaos, Kapitan, Matthew Howellk, Arik Nachmias, The 1 and Only Twix and you?","['Provoked Prawn', 'The Provoked Prawn', 'Lian Li 011 Vision Compact', 'Lian Li vision Compact', 'Vision Compact', 'Lian Li Vision Compact build', 'Lian Li Vision Compact reverse build', 'Rear Connect']",2025-10-24T13:00:34Z,UCQGDPYRgV5egNGUy9wE1Tyw,The Provoked Prawn,20,PT10M51S,376,50.0,10.0,10.85,2025-10-24 13:00:34+00:00,0.10952627876157407,0.1595744680851064,58,8,False,True
WP0WAU8vsHU,The Most Insane Anomaly Horror Game üò® | Who's At The Door Full Gameplay!!,"Thank you for watching üíö üéÄüíö
Likeüíì ShareüîÑ and Subscribe‚ô•Ô∏è Makkaleüôè

üëáüëáSecond Channel Link
https://youtube.com/@jenigaming2?si=PAJJmU706xf9tLZj

 1M SPECIAL 
https://youtu.be/hB4pmkDAsUI?si=uzfsc1iiJCg35SVx



 Instagram Name -     jeni_yt
----------------------------------------------------------------------------------
Follow us on social media üîäüîäüîä

Facebook:
https://www.facebook.com/bhava.jeni.5

Instagram:
https://instagram.com/jeni_yt?igshid=ZGUzMzM3NWJiOQ==

For YouTube Businessüí∫ - fftamilponnunga@gmail.com

----------------------------------------------------------------------------------
‚óæ‚óæMOBILE SPECS‚óæ‚óæ

Face Cam : IPHONE 12
iOS Version : 16.1.1
Capacity : 128GB
Video Editing Mobile : REDMI NOTE 12 PRO 5G
Gaming Mobile : REDMI NOTE 12 PRO 5G
Android version : 12 SP1A.210812.016
Processor : Dimensity 1080 Octo-core Max 2.6GHz
RAM : 8GB + 3GB Extended
ROM : 256GB
Headphone : BOAT ROCKERZ 450
Video editing app : KINEMASTER PREMIUM
Thumbnail maker : PIXEL LAB & PIXEL CUT 

‚óæ‚óæPC SPECS‚óæ‚óæ
Processor : Intel i7-12700F
Motherboard : ASUS Prime B760M A WIFI D5
RAM : DDR-5 16√ó2 GB 5200MHZ
Hardisk : SATA 2TB
SSD : NVME P3 500GB
Monitor : SAMSUNG 27"" LED 2K QHD 165Hz
Cabinet : Cooler Master K501L RGB
SMPS : PM650D
Keyboard & Mouse : Zebronics Transformer 1

GRAPHICS PROCESSING UNIT:
Graphics Card - GIGABYTE RTX 3060 WIND FORCE     
Memory  - 12GB DDR6 OC

----------------------------------------------------------------------------------
TAGS:

#whosatthedoor #gameplay #jenigaming 
#whosatthedoorgame #whosatthedoorending
#whosatthedoorgameplayintamil 
#whosatthedoorexplained #whosatthedoorallanomalies
#whosatthedoorbbc #whosatthedoorcaseoh
#whosatthedoorspeedrun #whosatthedoorjenigaming
#whosatthedoortutorial 
#whosatthedoorstory #whosatthedoorguide
#horrorstories #scary #scarystories #horrorgame
#horror #horrorgamesandroid #jennigaming
#scarygames #survivalgames #androidgames 
#funny #tamil #survival #game #reactionvideo 
#tamilhorror #facecam #jeni 
#jenni #jenny #jenigaming7204 #tamilgamer 
#facecamreaction #girlgamer #funnyhorrorstories 

----------------------------------------------------------------------------------
KEYWORDS:
The Most Insane Anomaly Horror Game üò® | Who's At The Door Full Gameplay!!
whos at the door 
whos at the door horror game
whos at the door gameplay 
whos at the door jeni gaming 
jeni gaming whos at the door gameplay
whos at the door gameplay in tamil 
whos at the door ending 
scary games
scary stories
scary true stories
true scary stories
jenny gaming
jenni gaming
jenni
jeni
jenny
jenni gaming 7204
jeni gaming 7204
horror stories
horror games
horror gameplay
creepy stories","['jeni gaming whos at the door', 'whos at the door', 'whos at the door all anomalies', 'whos at the door caseoh', 'whos at the door endings', 'whos at the door explained', 'whos at the door game', 'whos at the door game ending', 'whos at the door gameplay', 'whos at the door guide', 'whos at the door jeni gaming', 'whos at the door lore', 'whos at the door playthrough', 'whos at the door story', 'whos at the door story explained', 'whos at the door tutorial', 'whos at the door walkthrough', 'who‚Äôs at the door?']",2025-10-24T12:00:06Z,UCqwb69jPwmkvJ7Ti7Vmn-4w,JENI GAMING,20,PT50M30S,15985,1731.0,315.0,50.5,2025-10-24 12:00:06+00:00,0.1515170195023148,0.12799499530810135,73,18,False,True
MtOhKZNEh9A,"ABC World News Tonight with David Muir Full Broadcast - Oct. 23, 2025","Aaron Katersky has the latest on the FBI‚Äôs arrest of more than 30 current and former NBA players, coaches and suspected mobsters for alleged illegal sports betting and rigged poker games; Mary Bruce has details on the renovation of the White House‚Äôs East Wing as new satellite images show the dramatic transformation making way for Pres. Trump's $300 million ballroom; Matt Gutman reports on the truck driver charged in a deadly chain reaction crash on a California highway now at the center of an investigation and the debate over immigration; and more on tonight‚Äôs broadcast of World News Tonight with David Muir.

00:00 Intro 
01:51 FBI: NBA gambling scandal linked to mafia; millions in rigged games allegedly stolen
05:31 East Wing demolition raises new questions as ballroom estimate increases to $300 million
08:40 Trump pardons billionaire Binance founder Changpeng Zhao
10:45 DHS: Deadly crashes in California, Florida by drivers in U.S. illegally
12:46 Tropical Storm Melissa continues to slowly churn in the Caribbean
13:12 New York City Mayor Eric Adams endorses Andrew Cuomo in heated mayoral race
15:47 New video appears to show thieves escaping Louvre as investigation continues
16:36 Pope Leo and King Charles pray together at the Vatican
16:49 Southern California woman hit by small plane recovering 
17:13 Kim Kardashian says she was diagnosed with an aneurysm
17:43 America Strong: Misty Copeland takes final bow at American Ballet Theatre

ABC World News Tonight with David Muir delivers the news that matters most. Watch to get the latest news stories and headlines from around the world. 
 
Follow ABC World News Tonight on...  
Instagram: https://www.instagram.com/abcworldnewstonight/    
TikTok: https://www.tiktok.com/@abcworldnews   
X (formerly Twitter): https://twitter.com/ABCWorldNews   
Facebook: https://www.facebook.com/WorldNewsTonight   
Threads: https://www.threads.net/@abcworldnewstonight    
   
ABC News is your trusted source for breaking news, analysis, exclusive interviews, headlines, and videos: https://abcnews.go.com/    
Subscribe to ABC News on YouTube: https://bit.ly/2vZb6yP   
Watch full episodes on Hulu: http://abcn.ws/3bzvQQn   
  
#WorldNewsTonight #DavidMuir #News #ABCNews","['news', 'breaking news', 'live news', 'daily news', 'world news', 'us news', 'NBA', 'Gambling', 'Poker', 'Sports', 'Politics', 'Donald Trump', 'Government']",2025-10-24T02:00:20Z,UCBi2mrWuNuyYy4gbM6fU18Q,ABC News,25,PT20M13S,809176,9811.0,2146.0,20.216666666666665,2025-10-24 02:00:20+00:00,0.5680216491319444,0.014776760556417887,69,13,False,True
-O5McOj1o9I,This Morning‚Äôs Top Headlines ‚Äì Oct. 24 | Morning News NOW,"A demolition crew finishes tearing down the White House's East Wing ahead of construction for a new ballroom, New York Attorney General Letitia James is set to be arraigned on bank fraud charges and many federal workers will miss their first full paychecks today as the shutdown enters its 24th day.

For more context and news coverage of the most important stories of our day, click here: https://www.nbcnews.com

¬ª Subscribe to NBC News: http://nbcnews.to/SubscribeToNBC
¬ª Subscribe to Here's the Scoop podcast: https://www.nbcnews.com/heres-the-scoop-daily-podcast

Every day, NBC News helps people understand what‚Äôs happening and why it matters ‚Äî through fact-based reporting, meaningful conversations, and powerful stories. From its leading news broadcasts ‚Äî TODAY, NBC Nightly News, Meet the Press, and Dateline ‚Äî to NBC News NOW, the 24/7 streaming news channel, plus chart-topping podcasts, the NBC News app, and NBCNews.com, NBC News keeps audiences informed and connected to the stories shaping our world.

Connect with NBC News Online!
NBC News App: https://apps.nbcnews.com/mobile
Breaking News Alerts: https://link.nbcnews.com/join/5cj/breaking-news-signup?cid=sm_npd_nn_yt_bn-clip_190621
Visit NBCNews.Com: http://nbcnews.to/ReadNBC
Find NBC News on Facebook: http://nbcnews.to/LikeNBC
Follow NBC News on Twitter: http://nbcnews.to/FollowNBC
Follow NBC News on Instagram: http://nbcnews.to/InstaNBC

#whitehouse #donaldtrump #shutdown",['NBC News NOW'],2025-10-24T12:55:18Z,UCeY0bbntWzzVIaj2z3QigXg,NBC News,25,PT21M13S,13070,211.0,56.0,21.216666666666665,2025-10-24 12:55:18+00:00,0.11318368616898149,0.020428462127008416,57,1,False,True
ghxNraNbFAk,WATCH: Cheating expert EXPOSES rigged gambling tricks,"Casino consultant Sal Piacente provides insight on technology used in illegal gambling schemes after the FBI announced indictments Thursday. #foxnews #news #us #fox

Subscribe to Fox News: https://bit.ly/2vBUvAS
Watch more Fox News Video: http://video.foxnews.com
Watch Fox News Channel Live: http://www.foxnewsgo.com/
Download the Fox News app: https://foxnews.onelink.me/xLDS/cd5yhg3o
Become a Fox News Patriot member! www.youtube.com/@FoxNews/join

FOX News Channel (FNC) is a 24-hour all-encompassing news service delivering breaking news as well as political and business news. The number one network in cable, FNC has been the most-watched television news channel for 18 consecutive years. According to a 2020 Brand Keys Consumer Loyalty Engagement Index report, FOX News is the top brand in the country for morning and evening news coverage. A 2019 Suffolk University poll named FOX News as the most trusted source for television news or commentary, while a 2019 Brand Keys Emotion Engagement Analysis survey found that FOX News was the most trusted cable news brand. A 2017 Gallup/Knight Foundation survey also found that among Americans who could name an objective news source, FOX News was the top-cited outlet. Owned by FOX Corporation, FNC is available in nearly 90 million homes and dominates the cable news landscape, routinely notching the top ten programs in the genre.

Watch full episodes of your favorite shows
The Five: https://www.foxnews.com/video/shows/the-five
Special Report with Bret Baier: https://www.foxnews.com/video/shows/special-report
Jesse Watters Primetime: https://www.foxnews.com/video/shows/jesse-watters-primetime
Hannity: https://www.foxnews.com/video/shows/hannity
The Ingraham Angle: https://www.foxnews.com/video/shows/ingraham-angle
Gutfeld!: https://www.foxnews.com/video/shows/gutfeld
Fox News @ Night: https://www.foxnews.com/video/shows/fox-news-night

Follow Fox News on Facebook: https://www.facebook.com/FoxNews/
Follow Fox News on X: https://x.com/foxnews
Follow Fox News on Instagram: https://www.instagram.com/foxnews/","['Fox News Channel', 'FNC', 'Fox News', 'News', 'Media', 'shorts', 'youtube shorts', 'fox news shorts', 'sal piacente', 'casino fraud', 'illegal gambling technology', 'fbi indictments', 'gambling schemes', 'gaming industry', 'law enforcement', 'financial crime', 'technology insight', 'casino consultant', 'criminal investigation', 'illegal betting', 'illegal gambling', 'rigged gambling', 'mafia', 'mafia poker games']",2025-10-24T13:30:49Z,UCXIJgqnII2ZOINSWNOGFThA,Fox News,25,PT1M34S,9753,357.0,25.0,1.5666666666666667,2025-10-24 13:30:49+00:00,0.08851933431712963,0.039167435660822314,53,24,False,True
ntsaqddxef0,BREAKING: New drug boat strike kills 6 alleged narcoterrorists #shorts,"Former Trump Acting DEA Administrator Derek Maltz weighs in after War Sec. Pete Hegseth announced six alleged narco terrorists were killed in a strike the department claims was operated by Tren de Aragua. #foxnews #news #us #fox

Subscribe to Fox News: https://bit.ly/2vBUvAS
Watch more Fox News Video: http://video.foxnews.com
Watch Fox News Channel Live: http://www.foxnewsgo.com/
Download the Fox News app: https://foxnews.onelink.me/xLDS/cd5yhg3o
Become a Fox News Patriot member! www.youtube.com/@FoxNews/join

FOX News Channel (FNC) is a 24-hour all-encompassing news service delivering breaking news as well as political and business news. The number one network in cable, FNC has been the most-watched television news channel for 18 consecutive years. According to a 2020 Brand Keys Consumer Loyalty Engagement Index report, FOX News is the top brand in the country for morning and evening news coverage. A 2019 Suffolk University poll named FOX News as the most trusted source for television news or commentary, while a 2019 Brand Keys Emotion Engagement Analysis survey found that FOX News was the most trusted cable news brand. A 2017 Gallup/Knight Foundation survey also found that among Americans who could name an objective news source, FOX News was the top-cited outlet. Owned by FOX Corporation, FNC is available in nearly 90 million homes and dominates the cable news landscape, routinely notching the top ten programs in the genre.

Watch full episodes of your favorite shows
The Five: https://www.foxnews.com/video/shows/the-five
Special Report with Bret Baier: https://www.foxnews.com/video/shows/special-report
Jesse Watters Primetime: https://www.foxnews.com/video/shows/jesse-watters-primetime
Hannity: https://www.foxnews.com/video/shows/hannity
The Ingraham Angle: https://www.foxnews.com/video/shows/ingraham-angle
Gutfeld!: https://www.foxnews.com/video/shows/gutfeld
Fox News @ Night: https://www.foxnews.com/video/shows/fox-news-night

Follow Fox News on Facebook: https://www.facebook.com/FoxNews/
Follow Fox News on X: https://x.com/foxnews
Follow Fox News on Instagram: https://www.instagram.com/foxnews/","['Fox News Channel', 'FNC', 'Fox News', 'News', 'Media', 'shorts', 'youtube shorts', 'fox news shorts', 'pete hegseth', 'derek maltz', 'trump war department', 'drug boat strike', 'narco terrorists', 'tren de aragua', 'military operation', 'counter narcotics', 'national security', 'defense action', 'anti drug mission', 'terrorism crackdown']",2025-10-24T14:34:34Z,UCXIJgqnII2ZOINSWNOGFThA,Fox News,25,PT1M26S,2746,342.0,31.0,1.4333333333333333,2025-10-24 14:34:34+00:00,0.0442485009837963,0.1358339402767662,70,20,False,True
_8wxy71NmYk,CBC News: The National | Trump terminates trade talks with Canada,"Oct. 23, 2025 | U.S. President Donald Trump says he's terminating all trade talks with Canada. An NBA coach and players are arrested in an illegal gambling investigation. And Toronto prepares to welcome the World Series. 

00:00 The National for October 23, 2025
01:10 Trump terminates trade talks with Canada
08:47 Toronto prepares to welcome the World Series
11:45 Blue Jays to face the L.A. Dodgers
14:30 NBA players arrested in gambling probe
15:56 Canada Post workers' union loses challenge
18:15 Fire at Toronto waster transfer station
18:38 Alberta to order teachers back to work
21:45 Air Canada expands Toronto operations
22:08 Investigating private rehab facilities
25:33 The Breakdown 
26:13 At Issue | Carney hints at 'sacrifices' in the budget
35:59 At Issue | Poilievre tries to clarify RCMP comments 
43:45 The Moment | Marchand's Boston tribute

The National is the flagship of CBC News, showcasing award-winning journalism from across Canada and around the world. Led by Chief Correspondent Adrienne Arsenault, our team of trusted reporters helps you make sense of the world, wherever you are.

#news #latestnews #cbcnews 

Subscribe to get the latest news daily, and watch live starting at 9 p.m. ET.
https://www.youtube.com/user/CBCTheNational?sub_confirmation=1

More from CBC News | https://www.cbc.ca/news","['The National full show', 'cbc the national', 'cbc news the national', 'October 23 2025', 'Trump Canada', 'Trump trade talks', 'Stellantis', 'GM Canada', 'Canada tariffs', 'NBA gambling', 'Canada trade talks', 'News', 'CBC News', 'World Series', 'World Series Toronto', 'The National', 'Canada news', 'Latest news', 'Shohei Ohtani']",2025-10-24T07:30:03Z,UCKjU3KzdbJE1EFcHVqXC3_g,CBC News: The National,25,PT45M33S,64568,592.0,0.0,45.55,2025-10-24 07:30:03+00:00,0.33905174172453706,0.00916862842274811,65,19,False,True
ogh452IHPSw,WATCH: Pritzker GRILLED by Bret Baier on Chicago murders #shorts,"Illinois Gov. JB Pritzker deflected statistics showing Chicago with the highest murder rate of all large U.S. cities on 'Special Report.' #foxnews #news #us #fox

Subscribe to Fox News: https://bit.ly/2vBUvAS
Watch more Fox News Video: http://video.foxnews.com
Watch Fox News Channel Live: http://www.foxnewsgo.com/
Download the Fox News app: https://foxnews.onelink.me/xLDS/cd5yhg3o
Become a Fox News Patriot member! www.youtube.com/@FoxNews/join

FOX News Channel (FNC) is a 24-hour all-encompassing news service delivering breaking news as well as political and business news. The number one network in cable, FNC has been the most-watched television news channel for 18 consecutive years. According to a 2020 Brand Keys Consumer Loyalty Engagement Index report, FOX News is the top brand in the country for morning and evening news coverage. A 2019 Suffolk University poll named FOX News as the most trusted source for television news or commentary, while a 2019 Brand Keys Emotion Engagement Analysis survey found that FOX News was the most trusted cable news brand. A 2017 Gallup/Knight Foundation survey also found that among Americans who could name an objective news source, FOX News was the top-cited outlet. Owned by FOX Corporation, FNC is available in nearly 90 million homes and dominates the cable news landscape, routinely notching the top ten programs in the genre.

Watch full episodes of your favorite shows
The Five: https://www.foxnews.com/video/shows/the-five
Special Report with Bret Baier: https://www.foxnews.com/video/shows/special-report
Jesse Watters Primetime: https://www.foxnews.com/video/shows/jesse-watters-primetime
Hannity: https://www.foxnews.com/video/shows/hannity
The Ingraham Angle: https://www.foxnews.com/video/shows/ingraham-angle
Gutfeld!: https://www.foxnews.com/video/shows/gutfeld
Fox News @ Night: https://www.foxnews.com/video/shows/fox-news-night

Follow Fox News on Facebook: https://www.facebook.com/FoxNews/
Follow Fox News on X: https://x.com/foxnews
Follow Fox News on Instagram: https://www.instagram.com/foxnews/","['Fox News Channel', 'FNC', 'Fox News', 'News', 'Media', 'shorts', 'youtube shorts', 'fox news shorts', 'bret baier', 'jb pritzker', 'chicago murders', 'illinois governor', 'violent crime statistics', 'political accountability', 'urban violence', 'law enforcement', 'homicide rate', 'major city crime', 'public safety', 'illinois murder rate', 'chicago murder rate', 'jb pritzker fox news', 'bret baier jb pritzker']",2025-10-24T12:33:11Z,UCXIJgqnII2ZOINSWNOGFThA,Fox News,25,PT56S,27886,1464.0,406.0,0.9333333333333333,2025-10-24 12:33:11+00:00,0.12854248246527777,0.06705873915226278,64,23,False,True
QFqHUQSBD2c,"Fox News Highlights - October 23rd, 2025","Laura Ingraham, Jesse Watters, Sean Hannity and Greg Gutfeld bring Fox News viewers their fresh takes on the top news of the day. #fox #foxnews #media #breakingnews #us #usa #new #news #breaking #jessewattersprimetime #jessewatters #watters #trump #donaldtrump #tds #democrats #democraticparty #democrat #media #press #whitehouse #ballroom #renovations #2028election #election2028 #politics #political #politicalnews #government #humor #culture #incitement #left #liberals #illinois #jbpritzker #politics #political #politicalnews #government #crime #crimenews #crimestory #criminal #police #iceraid #chinatown #lawenforcement

Become a Channel Member & unlock behind-the-scenes, bonus videos, and more! www.youtube.com/@FoxNews/join

Subscribe to Fox News: https://bit.ly/2vBUvAS
Watch more Fox News Video: http://video.foxnews.com
Watch Fox News Channel Live: http://www.foxnewsgo.com/
Download the Fox News app: https://foxnews.onelink.me/xLDS/cd5yhg3o

FOX News Channel (FNC) is a 24-hour all-encompassing news service delivering breaking news as well as political and business news. The number one network in cable, FNC has been the most-watched television news channel for 18 consecutive years. According to a 2020 Brand Keys Consumer Loyalty Engagement Index report, FOX News is the top brand in the country for morning and evening news coverage. A 2019 Suffolk University poll named FOX News as the most trusted source for television news or commentary, while a 2019 Brand Keys Emotion Engagement Analysis survey found that FOX News was the most trusted cable news brand. A 2017 Gallup/Knight Foundation survey also found that among Americans who could name an objective news source, FOX News was the top-cited outlet. Owned by FOX Corporation, FNC is available in nearly 90 million homes and dominates the cable news landscape, routinely notching the top ten programs in the genre.

Watch full episodes of your favorite shows
The Five: https://www.foxnews.com/video/shows/the-five
Special Report with Bret Baier: https://www.foxnews.com/video/shows/special-report
Jesse Watters Primetime: https://www.foxnews.com/video/shows/jesse-watters-primetime
Hannity: https://www.foxnews.com/video/shows/hannity
The Ingraham Angle: https://www.foxnews.com/video/shows/ingraham-angle
Gutfeld!: https://www.foxnews.com/video/shows/gutfeld
Fox News @ Night: https://www.foxnews.com/video/shows/fox-news-night

Follow Fox News on Facebook: https://www.facebook.com/FoxNews/
Follow Fox News on X: https://x.com/foxnews
Follow Fox News on Instagram: https://www.instagram.com/foxnews/","['breaking news', 'chinatown incident', 'citizen rights', 'democratic politics', 'fox news channel', 'government policy', 'greg gutfeld', 'gutfeld youtube', 'ice raid', 'illinois governor', 'jb pritzker', 'law enforcement', 'media', 'nazi rhetoric', 'political commentary', 'usa', 'jesse watters primetime youtube', 'trump ballroom construction', 'media trump derangement syndrome', 'democrats']",2025-10-24T08:45:04Z,UCXIJgqnII2ZOINSWNOGFThA,Fox News,25,PT38M29S,65015,2326.0,539.0,38.483333333333334,2025-10-24 08:45:04+00:00,0.28695683431712965,0.044066753826040146,40,20,False,True
bBKKkENXMYQ,WATCH: Officers OPEN FIRE on UHaul at Coast Guard base #foxnews #news #us #fox,"Footage shows the moment officers in Alameda, California opened fire on a UHaul truck that backed into a line of police officers.  #fox #media #breakingnews #us #usa #new #news #breaking #foxnews #crime #crimenews #crimestory #criminal #police #alameda #california #coastguard #shooting #lawenforcement #officers #uhual #truck #incident #video #footage #security #publicsafety #californiapolice #investigation #breakingfootage

Subscribe to Fox News: https://bit.ly/2vBUvAS
Watch more Fox News Video: http://video.foxnews.com
Watch Fox News Channel Live: http://www.foxnewsgo.com/
Download the Fox News app: https://foxnews.onelink.me/xLDS/cd5yhg3o
Become a Fox News Patriot member! www.youtube.com/@FoxNews/join

FOX News Channel (FNC) is a 24-hour all-encompassing news service delivering breaking news as well as political and business news. The number one network in cable, FNC has been the most-watched television news channel for 18 consecutive years. According to a 2020 Brand Keys Consumer Loyalty Engagement Index report, FOX News is the top brand in the country for morning and evening news coverage. A 2019 Suffolk University poll named FOX News as the most trusted source for television news or commentary, while a 2019 Brand Keys Emotion Engagement Analysis survey found that FOX News was the most trusted cable news brand. A 2017 Gallup/Knight Foundation survey also found that among Americans who could name an objective news source, FOX News was the top-cited outlet. Owned by FOX Corporation, FNC is available in nearly 90 million homes and dominates the cable news landscape, routinely notching the top ten programs in the genre.

Watch full episodes of your favorite shows
The Five: https://www.foxnews.com/video/shows/the-five
Special Report with Bret Baier: https://www.foxnews.com/video/shows/special-report
Jesse Watters Primetime: https://www.foxnews.com/video/shows/jesse-watters-primetime
Hannity: https://www.foxnews.com/video/shows/hannity
The Ingraham Angle: https://www.foxnews.com/video/shows/ingraham-angle
Gutfeld!: https://www.foxnews.com/video/shows/gutfeld
Fox News @ Night: https://www.foxnews.com/video/shows/fox-news-night

Follow Fox News on Facebook: https://www.facebook.com/FoxNews/
Follow Fox News on X: https://x.com/foxnews
Follow Fox News on Instagram: https://www.instagram.com/foxnews/","['Fox News Channel', 'FNC', 'Fox News', 'News', 'Media', 'media', 'breaking news', 'usa', 'fox news channel', 'police shooting', 'alameda california', 'coast guard base', 'uhaul truck incident', 'law enforcement response', 'officer involved shooting', 'california police', 'public safety footage', 'criminal investigation', 'breaking video', 'u.s. security news']",2025-10-24T15:01:18Z,UCXIJgqnII2ZOINSWNOGFThA,Fox News,25,PT37S,2599,276.0,48.0,0.6166666666666667,2025-10-24 15:01:18+00:00,0.025683686168981482,0.12466333205078876,78,20,False,True
UWQkYzY1UI0,"TV Patrol Playback | October 24, 2025","Narito ang mga Balita mula sa TV Patrol ngayong Oktubre 24, 2025.

Chapters:
0:00:00 - Intro
0:00:36 - Online scam hub sa Maynila, sinalakay; 13 arestado
0:04:15 - Sindikato sa land scam sa Rizal, timbog sa NBI entrapment
0:06:21 - Ombudsman, maghahain na ng kaso kaugnay ng flood control scandal
0:10:09 - Enrile, Reyes, Napoles, abswelto sa PDAF graft cases
0:13:51 - Grupong People Surge, sinugod ang tanggapan ng ICI
0:15:06 - Showbiz News: Lovi Poe, isinilang na ang first baby
0:15:45 - Napolcom, may desisyon na sa kaso ng mga nawawalang sabungero
0:16:30 - Pangulong Marcos, tutulak patungong Malaysia para sa ASEAN Summit
0:18:43 - Paghahanda para sa Undas 2025 sa mga terminal
0:25:16 - Weather Report: Maulan na weekend, inaasahan
0:28:15 - ABS-CBN Kapamilya Caravan sa Dumaguete
0:28:45 - ""Mothballed"": Dokumentaryo tungkol sa Bataan Nuclear Power Plant
0:30:25 - ICC, pinagtibay ang hurisdiksyon sa kaso ni ex-Pres. Duterte
0:34:30 - Whistleblower sa flood control projects, isa nang 'cooperative witness'
0:35:42 - Sports News: Alex Eala, pasok sa semis; Carlos Yulo, may bronze medal
0:37:08 - UAAP, magkakaroon ng sariling sports arena sa Pasig
0:40:10 - Dagdag-presyo sa petrolyo, nakaamba sa susunod na linggo
0:43:09 - Paglalabas ng SALN ng gabinete, tatalakayin ni Pangulong Marcos
0:44:43 - Update sa imbestigasyon sa flood control scandal
0:49:23 - Anak ni Kuya Kim Atienza na si Eman, pumanaw na
0:50:13 - Chie Filomeno, kinumpirma ang hiwalayan nila ni Jake Cuenca
0:52:00 - PBB alumnus River Joseph, itatampok sa 'Tao Po'
0:53:39 - ""Kababalaghan"" ni Noli de Castro: Bodegang pinamamahayan ng mga espiritu
0:56:31 - ""SOCO"" nagbabalik bilang iWantTFC original
1:00:00 - Outro

May mga ulat mula kina: 
Noli De Castro
Karen Davila 
Bernadette Sembrano 
Alvin Elchico 
Gretchen Fullido 
Ariel Rojas

TV Patrol is the flagship newscast of ABS-CBN. Catch the latest and top news and analysis today and every day brought to you by ABS-CBN News in the service of the Filipino.

Get access to the latest and breaking news from TV Patrol on TFC Online if you‚Äôre watching overseas. Visit us here https://bit.ly/37yGXFn

Stay updated by visiting https://news.abs-cbn.com/
For more TV Patrol Playback videos, click the link below:
https://www.youtube.com/playlist?list=PLgyY1WylJUmhb897gsKGdgqiJiQVAt9m4

For more TV Patrol videos, click the link below:
https://www.youtube.com/playlist?list=PLgyY1WylJUmgL3VvLVxQKSNKxlEYkX9x6

For more TV Patrol Full Episode Replays, click the link below:
https://www.youtube.com/playlist?list=PLgyY1WylJUmggcgcassFx3EWry7nZEPW2

For more latest news and analysis from ABS-CBN News videos, click the link below:
https://www.youtube.com/playlist?list=PLgyY1WylJUmg4pcvfM9a96rbUcLD_0P_U

For more ABS-CBN News, click the link below: 
https://www.youtube.com/playlist?list=PLgyY1WylJUmgUHWUpi2ioSp4xAP1SmAaf

Subscribe to the ABS-CBN News channel! - http://bit.ly/TheABSCBNNews
 
Watch the full episodes of TV Patrol on iWantTFC:
http://bit.ly/TVPatrol-iWantTFC

Visit our website at http://abs-cbn.com
Facebook: https://www.facebook.com/abscbnNEWS
Twitter: https://twitter.com/abscbnnews

#TVPatrol
#ABSCBNNews
#TVPatrolPlayback
#Balita
#ICC
#PDAFScam
#FloodControlScandal","['ABS-CBN News', 'TV Patrol', 'TV Patrol World', 'ABS-CBN', 'Kapamilya', 'TV Patrol Weekend', 'ABS-CBN Philippines', 'TV Patrol livestream', '#TVPatrol', 'tagalog news', 'latest news', 'YT0psKerb', 'October 24 2025', 'channel:ABSCBNNews', 'series:TVPatrol', 'genre:society', 'genre:politics', 'format:report', 'type:fullepisode', 'source:video', 'source:audio', 'person:bernadettesembrano', 'person:karendavila', 'person:alvinelchico', 'TV Patrol Playback', '20251024news', 'sunog', 'fire incident', 'flood control', 'DPWH', 'Fire incident', 'Boying Remulla', 'Ombudsman']",2025-10-24T12:30:07Z,UCE2606prvXQc_noEqKxVJXA,ABS-CBN News,24,PT1H1M39S,33888,287.0,19.0,61.65,2025-10-24 12:30:07+00:00,0.13067211209490742,0.009029745042492918,37,33,False,True
fB62lN2ybrw,President Trump makes an announcement on nationwide crime crackdown,"President Donald Trump hosts a roundtable with law enforcement and administration officials to discuss the successes of the Homeland Security Task Forces. 

#fox #media #breakingnews #us #usa #new #news #breaking #foxnews #whitehouse #trump #washingtondc #washington #dc #politics #political #politicalnews #government #police #crime #homelandsecurity 

Subscribe to Fox News: https://bit.ly/2vBUvAS
Watch more Fox News Video: http://video.foxnews.com
Watch Fox News Channel Live: http://www.foxnewsgo.com/
Download the Fox News app: https://foxnews.onelink.me/xLDS/cd5yhg3o
Become a Fox News Patriot member! www.youtube.com/@FoxNews/join

FOX News Channel (FNC) is a 24-hour all-encompassing news service delivering breaking news as well as political and business news. The number one network in cable, FNC has been the most-watched television news channel for 18 consecutive years. According to a 2020 Brand Keys Consumer Loyalty Engagement Index report, FOX News is the top brand in the country for morning and evening news coverage. A 2019 Suffolk University poll named FOX News as the most trusted source for television news or commentary, while a 2019 Brand Keys Emotion Engagement Analysis survey found that FOX News was the most trusted cable news brand. A 2017 Gallup/Knight Foundation survey also found that among Americans who could name an objective news source, FOX News was the top-cited outlet. Owned by FOX Corporation, FNC is available in nearly 90 million homes and dominates the cable news landscape, routinely notching the top ten programs in the genre.

Watch full episodes of your favorite shows
The Five: https://www.foxnews.com/video/shows/the-five
Special Report with Bret Baier: https://www.foxnews.com/video/shows/special-report
Jesse Watters Primetime: https://www.foxnews.com/video/shows/jesse-watters-primetime
Hannity: https://www.foxnews.com/video/shows/hannity
The Ingraham Angle: https://www.foxnews.com/video/shows/ingraham-angle
Gutfeld!: https://www.foxnews.com/video/shows/gutfeld
Fox News @ Night: https://www.foxnews.com/video/shows/fox-news-night

Follow Fox News on Facebook: https://www.facebook.com/FoxNews/
Follow Fox News on X: https://x.com/foxnews
Follow Fox News on Instagram: https://www.instagram.com/foxnews/","['Fox News Channel', 'FNC', 'Fox News', 'News', 'Media', 'media', 'breaking news', 'white house', 'washington dc', 'politics', 'us', 'homeland security', 'president donald trump', 'administration', 'roundtable', 'discussion', 'livestream', 'crime', 'crackdown', 'police', 'law enforcement']",2025-10-23T20:51:17Z,UCXIJgqnII2ZOINSWNOGFThA,Fox News,25,PT1H22M36S,480650,11397.0,2173.0,82.6,2025-10-23 20:51:17+00:00,0.7826397046875,0.028232601685217934,67,21,False,True
